PG I,Entry,Feb. 24 2010,2.3
PG II,TeamMember,May 14 2012,1.5
PG IV,TeamLeader,Oct. 14 2013,5.6
Sup I,Supervisor,5.9
PG I,Entry,Feb. 24 2010,2.3
PG II,TeamMember,May 14, 2012,1.5
PG IV,TeamLeader,Oct. 14 2013,5.6
Sup I,Supervisor,Apr. 14 2019,5.9
PG I,Entry,Feb. 24 2010,2.3
PG II,TeamMember,May 14 2012,1.5
PG IV,TeamLeader,Oct. 14 2013,5.6
Sup I,Supervisor,Apr. 14 2019,5.9
PG I,Entry,Feb. 24 2010,2.3
PG II,TeamMember,May 14 2012,1.5
PG IV,TeamLeader,Oct. 14 2013,5.6
Sup I,Supervisor,Apr. 14 2019,5.9
